Name,Edition,Quantity
"Apprentice Wizard","Fourth Edition","1"
"Benthic Explorers","Alliances","1"
"Brine Shaman","Ice Age","1"
"Consume Spirit","Mirrodin","2"
"Contaminated Bond","Mirrodin","2"
"Dark Banishing","Mirage","1"
"Dark Maze","Homelands","1"
"Déjà Vu","Portal Second Age","1"
"Dross Crocodile","Fifth Dawn","1"
"Essence Drain","Darksteel","1"
"Feast of the Unicorn","Homelands","1"
"Flood","Fourth Edition","1"
"Frozen Shade","Collector's Edition","2"
"Glacial Wall","Ice Age","1"
"Howl from Beyond","Limited Edition Alpha","1"
"Island","Ixalan","9"
"Labyrinth Minotaur","Homelands","2"
"Plasma Elemental","Fifth Dawn","2"
"Psychic Venom","Fourth Edition","3"
"Regress","Mirrodin","2"
"Scavenging Scarab","Darksteel","2"
"Slith Strider","Mirrodin","1"
"Swamp","Portal Second Age","11"
"Talas Air Ship","Portal Second Age","2"
"Talas Explorer","Portal Second Age","2"
"Talas Merchant","Portal Second Age","2"
"Terror","Introductory Two-Player Set","1"
"Thought Courier","Fifth Dawn","1"
"Unholy Strength","Revised Edition","1"
"Wall of Corpses","Mirage","1"
